Id,Nombre,Direccion,Telefono
1,Juan Perez,Calle Falsa 123,123456789
2,Ana Gomez,Avenida Siempre Viva 742,987654321
3,Carlos Ramirez,Calle Luna 55,555123456
4,Lucia Fernandez,Calle Sol 99,321654987
5,Diego Martinez,Avenida Estrella 12,654987321
6,Sofia Lopez,Calle Mar 77,789123456
7,Federico Torres,Avenida Rio 10,987321654
8,Valentina Diaz,Calle Montaña 88,456789123
9,Martín Morales,Calle Bosque 44,321987654
10,Paula Sanchez,Avenida Cielo 23,123789456
11,Nicolas Herrera,Calle Nube 11,654321987
12,Isabella Romero,Calle Flor 66,789456123
13,Matias Vega,Avenida Sol 7,987654123
14,Camila Rojas,Calle Agua 34,456123789
15,Santiago Alvarez,Calle Fuego 21,321654789
